{
  "timestamp": "2025-10-11_17-31-55",
  "dataset_info": {
    "total_samples": 2769,
    "features": 15,
    "train_samples": 2215,
    "val_samples": 443,
    "test_samples": 554,
    "event_rate": 0.3719754423979776,
    "time_range": {
      "min": 23.0,
      "max": 2519.93798828125
    }
  },
  "model_comparison": {
    "original_cnn_lstm": {
      "parameters": 170692,
      "test_c_index": 0.8507160328868679,
      "architecture": "Basic CNN-LSTM with simple dense layers"
    },
    "enhanced_cnn_lstm": {
      "parameters": 2236580,
      "test_c_index": 0.8864799629322327,
      "test_ibs": 0.9774735709711004,
      "test_auc": 0.9668086232707683,
      "test_l1_hinge": 0.8114385887715427,
      "test_l1_margin": 0.811438588771608,
      "test_d_calibration": 0.06206243479635317,
      "architecture": "Enhanced CNN-LSTM with residual connections, bidirectional LSTM, attention, focal loss"
    }
  },
  "training_details": {
    "enhanced_model": {
      "epochs_trained": 142,
      "best_val_c_index": 0.9752693602693603,
      "final_train_loss": 0.12284630604765633,
      "final_val_loss": 0.1761992158634322,
      "optimizer": "AdamW",
      "scheduler": "CosineAnnealingWarmRestarts",
      "loss_function": "FocalSurvivalLoss",
      "early_stopping": true
    }
  },
  "performance_summary": {
    "c_index_improvement": 0.03576393004536482,
    "relative_improvement_percent": 4.203979784417778,
    "parameter_increase": 2065888,
    "all_metrics": {
      "train": {
        "ci": 0.9066331820691327,
        "ibs": 0.9829686561332243,
        "auc": 0.9731789029547153,
        "d_calibration": 0.06033727474021883
      },
      "validation": {
        "ci": 0.8925084175084175,
        "ibs": 0.8626342229090703,
        "auc": 0.5,
        "d_calibration": 0.08818684299697187
      },
      "test": {
        "ci": 0.8864799629322327,
        "ibs": 0.9774735709711004,
        "auc": 0.9668086232707683,
        "d_calibration": 0.06206243479635317
      }
    }
  }
}